Undefined,Melee_Basic,Melee_Chain,Melee_Crushing,Melee_Heavy,Melee_Power,Melee_Shredding,Ranged_Assault_Cannon,Ranged_Bolt_Heavy,Ranged_Bolt_Light,Ranged_Bolt_Pistol,Ranged_Explosive_Heavy,Ranged_Explosive_Light,Ranged_Explosive_Medium,Ranged_Explosive_Super_Heavy,Ranged_Flamer_Heavy,Ranged_Flamer_Light,Ranged_Gauss_Basic,Ranged_Gauss_Cannon,Ranged_Lascannon,Ranged_Las_Gun,Ranged_Las_Hellgun,Ranged_Las_Multilaser,Ranged_Las_Pistol,Ranged_Melta_Heavy,Ranged_Melta_Light,Ranged_Melta_Pistol,Ranged_Missile_AntiInfantry,Ranged_Missile_AntiVehicle,Ranged_Missile_Mixed,Ranged_Plasma_Heavy,Ranged_Plasma_Light,Ranged_Plasma_Pistol,Ranged_Psycannon,Ranged_Psychic_Heavy,Ranged_Psychic_Light,Ranged_Shoota,Ranged_Shoota_Big,Ranged_Shoota_Kustom,Ranged_Slugga,Ranged_Sniper_Heavy,Ranged_Sniper_Light,Ranged_Staff_Of_Light,Ranged_Storm_Bolt,
chaos_AL_sword_Lord_dummy,chaos_fist_melee,chaos_chainsword,chaos_bloodthirster_melee,chaos_accursed_crozius,chaos_AL_sword_Lord,chaos_possessed_melee,chaos_assault_cannon,chaos_AL_heavy_bolter_tactical_elite,chaos_bolter,chaos_bolt_pistol,chaos_autocannon_predator,chaos_grenade_launcher,chaos_autocannon,guard_battle_cannon_baneblade,chaos_flamer,chaos_al_operative_flamer,necron_cryptek_ranged,necron_gauss_cannon_heavy_destroyer,chaos_lascannon,chaos_AL_Lasgun,guard_hellgun_kasrkin,eldar_scatter_laser,chaos_laspistol,chaos_multi_melta,chaos_AL_operative_Melta,chaos_AL_Lord_Melta,ork_grot_bomb,chaos_missile_launcher,chaos_incendiary_bomb,chaos_noise_blaster,chaos_AL_plasma_gun_tactical_elite,chaos_plasma_pistol,inquisition_psycannon,inquisition_psilencer_apothecary,inquisition_warp_zap,ork_shoota,ork_big_shoota,guard_ripper_gun_ranged_ogryn,ork_grot_blasta,guard_exitus_rifle,eldar_long_rifle,necron_lord_destroyer_staff_of_light_ranged,chaos_storm_bolter_turret,
chaos_doombolt_weapon,chaos_horror_melee,chaos_chainsword_champion,chaos_daemon_prince_maledictum,chaos_accursed_crozius_single_entity,chaos_bedlam_staff,chaos_power_fist_obliterator,inquisition_assault_cannon_dreadnought,chaos_heavy_bolter,chaos_bolter_tactical,chaos_bolt_pistol_champion,chaos_autocannon_predator_improved,chaos_grenade_launcher_multi,chaos_autocannon_hell_talon,guard_demolisher_cannon_baneblade,chaos_heavy_flamer,chaos_fear_attack_melee,necron_gauss_blaster_pariah,necron_gauss_listening_post_2,chaos_lascannon_hell_talon,chaos_heavy_stubber,guard_hellgun_kasrkin_sergeant,eldar_scatter_laser_grav_tank,eldar_las_pistol_farseer,inquisition_multi_melta,chaos_daemon_fire,chaos_AL_Lord_Melta_Dummy,ork_grot_bomb_noff,chaos_missile_launcher_tactical,chaos_incendiary_bomb_nis,inquisition_heavy_plasma_gun,chaos_plasma_gun,chaos_plasma_pistol_champion,inquisition_psycannon_gk_terminator,inquisition_psilencer_librarian,inquisition_warp_zap_pentagram,ork_shoota_shoota,ork_big_shoota_fighta_bomba,guard_ripper_gun_ranged_ogryn_sergeant,ork_nob_shoota,necron_deathmark_disintegrator_ranged,eldar_long_rifle_tier_2,necron_lord_staff_of_light_gauss_flayer,chaos_storm_bolter_turret_listeningpost,
chaos_dummy_weapon,chaos_knife,chaos_chainsword_champion_cultist,chaos_daemon_prince_sword,chaos_accursed_crozius_splash,chaos_knife_cultist_flame_improved,chaos_power_fist_obliterator_improved,inquisition_assault_cannon_razorback,chaos_heavy_bolter_predator,chaos_bolter_tactical_poison_nodmg,chaos_bolt_pistol_khorne_berserker,chaos_autocannon_predator_nurgle,chaos_grenade_launcher_multi_1,chaos_autocannon_hell_talon_nis,necron_particle_whip,chaos_heavy_flamer_defiler,chaos_flamer_possessed,necron_gauss_blaster_pariah_lord,necron_heavy_gauss_cannon_left_front,chaos_lascannon_hell_talon_2,guard_lasgun,inquisition_hellgun,eldar_scatter_laser_support_platform,guard_laspistol,inquisition_multi_melta_crusader,eldar_fusion_gun,chaos_heavy_bolter_predator_l_tzeentch,sisters_exorcist_missile,inquisition_launcher_weapons,chaos_missile_turret,inquisition_heavy_plasma_gun_dreadnought,chaos_plasma_gun_cultist,chaos_plasma_pistol_lord,inquisition_psycannon_grey_knight,inquisition_psilencer_paladin,,ork_shoota_turret,ork_big_shoota_fighta_bomba_bubble_gun,ork_kustom_shoota,ork_slugga,veteran_sniper_rifle_explosive,eldar_long_rifle_tier_3,necron_lord_staff_of_light_ranged,guard_storm_bolter_captain,
chaos_dummy_weapon_2,chaos_knife_champion,chaos_chainsword_raptor,eldar_wailing_doom,chaos_defiler_melee,chaos_power_sword,dark_eldar_claws_warp_beast,inquisition_assault_cannon_stormraven,chaos_heavy_bolter_predator_l,chaos_bolter_twin_linked_dreadnought,chaos_bolt_pistol_lord,chaos_autocannon_twin,chaos_grenade_launcher_multi_2,chaos_autocannon_predator_nurgle_splash,necron_particle_whip_monolith,chaos_heavy_flamer_obliterator,chaos_flamer_raptor,necron_gauss_flayer_destroyer,necron_heavy_gauss_cannon_left_front_monolith,chaos_lascannon_hell_talon_nis,guard_lasgun_chimera,inquisition_hellgun_bodyguard,guard_multilaser_turret,guard_laspistol_captain,inquisition_multi_melta_gun_dreadnought,eldar_fusion_gun_exarch,chaos_heavy_bolter_predator_r_tzeentch,sisters_exorcist_missile_1,inquisition_missile_krak_tempest,eldar_missile_launcher_vyper,inquisition_plasma_cannon_stormraven,chaos_plasma_gun_cultist_prisoner,chaos_plasma_pistol_raptorchampion,inquisition_psycannon_purgator_justicar,inquisition_warp_zap_sanctuary,,ork_shoota_turret_listeningpost,ork_big_shoota_fighta_bomba_rear_gun,ork_kustom_shoota_flash_gitz,ork_slugga_baddok,,space_marine_sniper_rifle,necron_lord_staff_of_light_ranged_2,inquisition_storm_bolter,
chaos_dummy_weapon_melee,chaos_knife_cultist,chaos_chainsword_raptorchampion,necron_nightbringer_scythe_melee,chaos_power_fist,chaos_power_sword_champion,sisters_ascension_angel_weapon,inquisition_assault_cannon_twin_crusader,chaos_heavy_bolter_predator_l_improved,chaos_bolter_variants,chaos_bolt_pistol_raptor,chaos_autocannon_twin_defiler,chaos_grenade_launcher_prisoner,chaos_battlecannon,,chaos_heavy_flamer_stalk_defiler,chaos_flamer_tactical,necron_gauss_flayer_ranged,necron_heavy_gauss_cannon_left_rear,chaos_lascannon_hell_talon_nis_2,guard_lasgun_guardsmen,inquisition_hellgun_chimera,guard_multi_laser,guard_laspistol_commissar,inquisition_multi_melta_servitor,inquisition_melta_gun,chaos_melta_gun_lord,sisters_exorcist_missile_2,inquisition_missile_launcher,guard_missile_turret,space_marine_plasma_cannon_devastator,chaos_plasma_gun_raptor,chaos_plasma_pistol_sorceror,inquisition_psycannon_tempest,,,ork_shoota_turret_swing_left,ork_big_shoota_killakan,,ork_slugga_bigmek,,veteran_sniper_rifle,,inquisition_storm_bolter_gk_bro_cap,
chaos_khorne_mace,chaos_knife_cultist_flame,chaos_khornate_chainaxe,ork_squiggoth_gore,chaos_power_fist_champion,chaos_power_sword_lord,,space_marine_assault_cannon,chaos_heavy_bolter_predator_l_nurgle,inquisition_bolter,chaos_bolt_pistol_raptorchampion,chaos_autocannon_twin_stalk_defiler,guard_earthshaker_cannon_basilisk,chaos_battlecannon_stalk_defiler,,eldar_heavy_flamer,chaos_flamer_variants,necron_tomb_spyder_particle_projector,necron_heavy_gauss_cannon_left_rear_monolith,chaos_lascannon_obliterator,guard_lasgun_guardsmen_prisoner,inquisition_hellgun_chimera_l1,guard_multi_laser_chimera,guard_laspistol_enginseer,inquisition_multi_melta_stormraven,inquisition_melta_gun_bodyguard,chaos_melta_pistol,sisters_exorcist_missile_3,inquisition_missile_launcher_dreadnought,ork_rokkit_launcha_killakan,,chaos_plasma_gun_tactical,chaos_plasma_pistol_sorceror_aspiring,inquisition_psycannon_vortimer_razorback,,,ork_shoota_turret_swing_right,ork_big_shoota_shoota,,ork_slugga_feral,,veteran_sniper_rifle_t1,,inquisition_storm_bolter_gk_bro_cap_psybolts,
chaos_lord_banner,chaos_knife_pistol,chaos_khornate_chainaxe_lord,sisters_ardent_blade,chaos_power_fist_raptorchampion,chaos_power_sword_raptorchampion,,space_marine_assault_cannon_dreadnought,chaos_heavy_bolter_predator_r,inquisition_bolter_exorcist,chaos_bolt_pistol_sorceror,guard_autocannon_baneblade,guard_earthshaker_cannon_basilisk_e3demo,guard_autocannon,,eldar_heavy_flamer_wraithlord,chaos_sonic_blaster,necron_warrior_gauss_flayer_ranged,necron_heavy_gauss_cannon_right_front,chaos_lascannon_predator_l,guard_lasgun_spotter,inquisition_hellgun_chimera_l2,guard_multi_laser_chimera_hull,guard_laspistol_guardsmen_sergeant,inquisition_multi_melta_twin_vendn,inquisition_melta_gun_shock_troops,eldar_fusion_gun_exarch_t1,sisters_exorcist_missile_4,inquisition_missile_launcher_rhino,ork_rokkit_launcha_killakan_free,,chaos_plasma_gun_tactical_prisoner,guard_plasma_pistol_captain,,,,ork_shoota_turret_waaaghbanner,ork_big_shoota_shoota_free,,ork_slugga_nob,,,,inquisition_storm_bolter_gk_chaplain,
chaos_lord_daemonic_armor,chaos_knife_tactical,chaos_khornate_chainaxe_t3,,chaos_stalk_defiler_melee,chaos_power_sword_sorcerer,,space_marine_assault_cannon_hellfire,chaos_heavy_bolter_predator_r_improved,inquisition_bolter_techmarine,chaos_bolt_pistol_sorceror_aspiring,guard_autocannon_sentinel,guard_grenade_launcher_guardsmen,guard_autocannon_heavy_weapons_team,,guard_heavy_flamer_sentinel,chaos_sonic_blaster_silence,necron_warrior_gauss_flayer_turret,necron_heavy_gauss_cannon_right_front_monolith,chaos_lascannon_predator_r,guard_lasgun_spotter_improved,inquisition_hellgun_chimera_l3,guard_multi_laser_sentinel,guard_laspistol_psyker,sisters_multi_melta,inquisition_melta_weapons,eldar_fusion_gun_t1,sisters_exorcist_missile_5,space_marine_missile_krak_tempest,ork_rokkit_launcha_shoota,,chaos_plasma_twin,inquisition_plasma_combi_bolter,,,,ork_shoota_warboss,ork_big_shoota_slugga,,ork_slugga_slugga,,,,inquisition_storm_bolter_gk_chaplain_psybolt,
chaos_lord_daemonic_gauntlets,chaos_knife_tactical_improved,guard_chainsword_priest,,dark_eldar_agonizer_archon,chaos_power_sword_sorcerer_aspiring,,space_marine_assault_cannon_landspeeder,chaos_heavy_bolter_predator_r_nurgle,inquisition_bolter_weapons,inquisition_bolt_pistol,guard_battle_cannon,guard_grenade_launcher_guardsmen_prisoner,ork_bomb_chucka,,guard_inferno_cannon_hellhound,eldar_fire_dragon_flamer,,necron_heavy_gauss_cannon_right_rear,chaos_lascannon_twin,inquisition_lasgun,inquisition_hellgun_chimera_r1,inquisition_multilaser_chimera,guard_laspistol_rider,sisters_multi_melta_celestian,ork_mega_blasta,inquisition_inferno_pistol_exorcist,sisters_exorcist_missile_damage,space_marine_missile_launcher,ork_rokkit_launcha_slugga,,chaos_plasma_variants,inquisition_plasma_pistol,,,,ork_slugga_armored_nob,ork_big_shoota_trukk,,ork_slugga_stormboyz,,,,inquisition_storm_bolter_gk_interceptor_justicar,
chaos_lord_helm_of_lorgar,dark_eldar_knife_mandrake,guard_eviscerator_priest,,dark_eldar_agonizer_beastmaster,dark_eldar_hellglaive_hellion,,space_marine_assault_cannon_tempest,chaos_heavy_bolter_tactical,sisters_bolter,inquisition_bolt_pistol_bc,guard_battle_cannon_leman_russ,guard_grenade_launcher_heavy_weapons_team,ork_bomb_chucka_wartrack,,inquisition_heavy_flamer,guard_flamer,,necron_heavy_gauss_cannon_right_rear_monolith,chaos_lascannon_twin_predator,,inquisition_hellgun_chimera_r2,,guard_laspistol_rider_sergeant,sisters_multi_melta_celestian_prisoner,sisters_melta_celestian,inquisition_melta_combo,sisters_exorcist_missile_damage_1,space_marine_missile_launcher_tactical,ork_rokkit_launcha_tankbusta,,guard_flamer_bunker_east,inquisition_plasma_pistol_bc,,,,,ork_big_shoota_turret,,ork_slugga_tankbustas,,,,inquisition_storm_bolter_gk_justicar,
chaos_lord_pauldrons_of_doom,dark_eldar_knife_mandrake_daemonic_touch,guard_eviscerator_priest_leader,,dark_eldar_agonizer_hellion_leader,dark_eldar_hellglaive_shooter,,space_marine_assault_cannon_terminator_fc,chaos_heavy_bolter_tactical_prisoner,sisters_bolter_battle_sister,inquisition_bolt_pistol_inquisitor_acolyte,inquisition_autocannon,guard_grenade_launcher_kasrkin,ork_bomb_chucka_wartrack_free,,inquisition_heavy_flamer_chimera_turret,inquisition_flamer,,necron_warrior_gauss_flayer_turret_2,chaos_lascannon_twin_predator_tzeentch,,inquisition_hellgun_chimera_r3,,inquisition_laspistol_scholars,sisters_multi_melta_immolator,veteran_melta_dreadnought,inquisition_melta_gun_bc,space_marine_missile_frag_tempest,space_marine_missile_launcher_veteran,ork_rokkit_launcher,,guard_flamer_bunker_east_hq,inquisition_plasma_pistol_inquisitor_acolyte,,,,,ork_big_shoota_turret_listeningpost,,,,,,inquisition_storm_bolter_gk_justicar_interceptor_psybolts,
chaos_lord_runic_boots,dark_eldar_knife_scourge,inquisition_chainsword,,dark_eldar_agonizer_scourge_leader,dark_eldar_hydraknife_wych_succubus,,space_marine_assault_cannon_terminator_prisoner,chaos_heavy_bolter_turret,sisters_bolter_celestian,inquisition_bolt_pistol_inquisitor_lord,inquisition_autocannon_twin_dreadnought,guard_grenade_launcher_kasrkin_prisoner,sisters_autocannon,,inquisition_incinerator,inquisition_flamer_bodyguard,,,guard_lascannon,,inquisition_hellgun_shock_troops,,,sisters_multi_melta_turret,,sisters_inferno_pistol,space_marine_missile_launcher_dreadnought,veteran_krak_dreadnought,ork_rokkit_launcher_turret,,guard_flamer_bunker_north,inquisition_plasma_pistol_inquisitor_lord,,,,,ork_big_shoota_twin,,,,,,inquisition_storm_bolter_gk_justicar_psybolts,
chaos_manreaper,dark_eldar_knife_scourge_leader,inquisition_chainsword_inquisitor_acolyte,,dark_eldar_agonizer_warrior_leader,dark_eldar_impaler_wych,,space_marine_assault_cannon_terminator_veteran,chaos_heavy_bolter_turret_listeningpost,sisters_bolter_immolator_tank,inquisition_eversor_executioner_pistol,inquisition_autocannon_twin_vendn,inquisition_grenade_launcher,sisters_autocannon_lightning,,inquisition_incinerator_dreadnought,inquisition_flamer_combo,,,guard_lascannon_baneblade_1,,,,,,,sisters_inferno_pistol_canoness,space_marine_missile_launcher_hellfire,veteran_missile_krak_tempest,ork_rokkit_launcher_turret_listeningpost,,guard_flamer_bunker_north_hq,inquisition_plasma_pistol_sergeant,,,,,ork_big_shoota_twin_squig_l,,,,,,inquisition_storm_bolter_gk_justicar_psy_up,
chaos_marine_dummy_weapon,dark_eldar_knife_warrior,inquisition_chainsword_sergeant,,dark_eldar_agonizer_wych_leader,dark_eldar_power_scythe_archon,,veteran_assault_cannon_dreadnought,guard_heavy_bolter,space_marine_bolter,inquisition_hellpistol_sergeant,inquisition_cannons,inquisition_grenade_launcher_incendiary_shock_troops,,,inquisition_incinerator_exorcist,inquisition_flamer_techmarine,,,guard_lascannon_baneblade_2,,,,,,,sisters_inferno_pistol_confessor,space_marine_missile_launcher_throw__hellfire,,ork_rokkit_launcher_twin,,guard_flamer_bunker_south,inquisition_plasma_weapons,,,,,ork_big_shoota_twin_squig_r,,,,,,inquisition_storm_bolter_gk_justicar_purifier_psybolts,
chaos_melee_test,dark_eldar_scissorhand_haemonculus,inquisition_chain_fist,,dark_eldar_talos_claws,dark_eldar_power_scythe_hellion_leader,,veteran_assault_cannon_terminator,guard_heavy_bolter_baneblade_1,space_marine_bolter_tactical,sisters_bolt_pistol,ork_battlecannon,inquisition_grenade_launcher_shock_troops,,,inquisition_incinerator_gk_terminator,inquisition_flamer_weapons,,,guard_lascannon_heavy_weapons_team,,,,,,,sisters_inferno_pistol_veteran_superior,veteran_missile_frag_tempest,,ork_rokkit_launcher_twin_turret,,guard_flamer_bunker_south_hq,space_marine_plasma_pistol,,,,,ork_big_shoota_twin_turret,,,,,,inquisition_storm_bolter_gk_paladin,
chaos_obliterator_ranged_group,eldar_knife_darkreaper,inquisition_eviscerator,,guard_power_fist_commissar,dark_eldar_power_scythe_scourge_leader,,,guard_heavy_bolter_baneblade_2,space_marine_bolter_tactical_veteran,sisters_bolt_pistol_canoness,space_marine_autocannon,ork_stikkbomb,,,inquisition_incinerator_grey_knight,ork_burna,,,guard_lascannon_leman_russ_left,,,,,,,sisters_inferno_pistol_veteran_superior_celestian,,,ork_rokkit_launcher_twin_turret_waaaghbanner,,guard_flamer_bunker_west,space_marine_plasma_pistol_assaultsergeant,,,,,ork_big_shoota_twin_turret_waaaghbanner,,,,,,inquisition_storm_bolter_gk_paladin_jstcr,
chaos_shrine_turret,eldar_knife_darkreaperexarch,sisters_chain_sword,,guard_ripper_gun_melee_ogryn,dark_eldar_power_scythe_warrior_leader,,,guard_heavy_bolter_baneblade_3,space_marine_bolter_variants,sisters_bolt_pistol_confessor,,veteran_shotgun_scouts_1_max_range,,,inquisition_incinerator_paladin,ork_burna_burnaboy,,,guard_lascannon_leman_russ_right,,,,,,,sisters_inferno_pistol_veteran_superior_seraphim,,,ork_rokkit_launcher_twin_wartrak,,guard_flamer_bunker_west_hq,space_marine_plasma_pistol_chaplain,,,,,ork_big_shoota_twin_wartrak,,,,,,inquisition_storm_bolter_gk_paladin_jstcr_psy,
dark_eldar_agonizer,eldar_knife_guardian,sisters_chain_sword_canoness,,guard_ripper_gun_melee_ogryn_sergeant,dark_eldar_power_scythe_wych_leader,,,guard_heavy_bolter_baneblade_4,space_marine_bolter_veteran,sisters_bolt_pistol_missionary,,veteran_shotgun_scouts_2,,,inquisition_incinerator_twin_vendn,ork_burna_nob_leader,,,guard_lascannon_marauder,,,,,,,,,,space_marine_missile_battery,,guard_lascannon_bunker_east,space_marine_plasma_pistol_commander,,,,,ork_big_shoota_warboss,,,,,,inquisition_storm_bolter_gk_psybolts_vendn,
dark_eldar_dark_lance,eldar_knife_ranger,sisters_chain_sword_celestian,,inquisition_crozius_arcanum,dark_eldar_punisher_hellion_succubus,,,guard_heavy_bolter_baneblade_5,space_marine_bolt_pistol_scout,sisters_bolt_pistol_seraphim,,veteran_shotgun_scouts_3,,,inquisition_incinerator_vendn,ork_burna_shoota,,,guard_lascannon_marauder_2,,,,,,,,,,space_marine_missile_turret,,guard_lascannon_bunker_east_hq,space_marine_plasma_pistol_librarian,,,,,,,,,,,inquisition_storm_bolter_gk_purifier,
dark_eldar_dark_lance_dais,eldar_knife_warpspider,sisters_chain_sword_seraphim,,inquisition_daemon_hammer_purifier_jstcr,dark_eldar_punisher_incubus,,,guard_heavy_bolter_baneblade_6,veteran_bolter_dummy,sisters_bolt_pistol_veteran_superior,,veteran_shotgun_scouts_4,,,sisters_heavy_flamer,ork_burna_slugga,,,inquisition_lascannon,,,,,,,,,,,,guard_lascannon_bunker_north,space_marine_plasma_pistol_sergeant,,,,,,,,,,,inquisition_storm_bolter_gk_purifier_justicar,
dark_eldar_dark_lance_listening_post,eldar_knife_warpspiderexarch,sisters_chain_sword_veteran_superior,,inquisition_fist_dreadnought,dark_eldar_sword_archon,,,guard_heavy_bolter_basilisk,,sisters_bolt_pistol_veteran_superior_celestian,,veteran_shotgun_scouts_5_min_range,,,sisters_heavy_flamer_immolator_tank,ork_burna_slugga_free,,,inquisition_lascannon_razorback,,,,,,,,,,,,guard_lascannon_bunker_north_hq,,,,,,,,,,,,inquisition_storm_bolter_gk_terminator,
dark_eldar_dark_lance_listening_post_2,eldar_sword_bonesinger,sisters_chain_sword_veteran_superior_celestian,,inquisition_mighty_fist_melee_vendn,eldar_power_sword_banshee,,,guard_heavy_bolter_bunker_east,,sisters_bolt_pistol_veteran_superior_seraphim,,,,,sisters_heavy_flamer_penitent_engine,sisters_flamer,,,inquisition_lascannon_stromraven,,,,,,,,,,,,guard_lascannon_bunker_south,,,,,,,,,,,,inquisition_storm_bolter_gk_termi_jstcr,
dark_eldar_dark_lance_raider,eldar_sword_warlock,sisters_chain_sword_veteran_superior_seraphim,,inquisition_no_fist_melee_vendn,eldar_power_sword_bansheeexarch,,,guard_heavy_bolter_bunker_east_hq,,space_marine_bolt_pistol,,,,,sisters_heavy_flamer_penitent_engine_twin,sisters_flamer_battle_sister,,,inquisition_lascannon_twin_dreadnought,,,,,,,,,,,,guard_lascannon_bunker_south_hq,,,,,,,,,,,,inquisition_storm_bolter_gk_termi_jstcr_psy,
dark_eldar_dark_lance_ravager,guard_exitus_pistol_assassin,sisters_eviscerator,,inquisition_thunder_hammer,eldar_power_sword_banshee_improved,,,guard_heavy_bolter_bunker_north,,space_marine_bolt_pistol_apothecary,,,,,sisters_inferno_cannon_list_post_2,sisters_flamer_battle_sister_prisoner,,,inquisition_lascannon_twin_landraider_left,,,,,,,,,,,,guard_lascannon_bunker_west,,,,,,,,,,,,inquisition_storm_bolter_gk_termi_lib,
dark_eldar_dark_lance_raven,guard_knife,space_marine_chainsword,,inquisition_thunder_hammer_bc,eldar_power_sword_farseer,,,guard_heavy_bolter_bunker_north_hq,,space_marine_bolt_pistol_assault,,,,,space_marine_heavy_flamer,sisters_flamer_celestian,,,inquisition_lascannon_twin_landraider_right,,,,,,,,,,,,guard_lascannon_bunker_west_hq,,,,,,,,,,,,inquisition_storm_bolter_gk_termi_lib_psybolt,
dark_eldar_dark_lance_raven_2,guard_knife_guardsmen,space_marine_chainsword_apothecary,,inquisition_thunder_hammer_bc_hh,eldar_power_sword_seer_council,,,guard_heavy_bolter_bunker_south,,space_marine_bolt_pistol_assaultsergeant,,,,,space_marine_heavy_flamer_fc,sisters_flamer_celestian_prisoner,,,inquisition_laser_heavy_weapons,,,,,,,,,,,,guard_plasma_gun_guardsmen,,,,,,,,,,,,inquisition_storm_bolter_grey_knight,
dark_eldar_dark_lance_scourge,guard_knife_kasrkin,space_marine_chainsword_assault,,inquisition_thunder_hammer_daemonkiller,eldar_power_sword_warlock,,,guard_heavy_bolter_bunker_south_hq,,space_marine_bolt_pistol_assault_veteran,,,,,space_marine_heavy_flamer_prisoner,sisters_inferno_cannon,,,inquisition_laser_weapons,,,,,,,,,,,,guard_plasma_gun_guardsmen_prisoner,,,,,,,,,,,,inquisition_storm_bolter_grey_knight_strike,
dark_eldar_dark_lance_scourge_leader,guard_sword_guardsmen_sergeant,space_marine_chainsword_assaultsergeant,,inquisition_thunder_hammer_grey_knight,eldar_power_sword_warlock_commander,,,guard_heavy_bolter_bunker_west,,space_marine_bolt_pistol_chaplain,,,,,space_marine_heavy_flamer_veteran,sisters_inferno_cannon_aoe_list_post,,,necron_gauss_blaster_immortal,,,,,,,,,,,,guard_plasma_gun_kasrkin,,,,,,,,,,,,inquisition_storm_bolter_razorback,
dark_eldar_destructor,guard_sword_kasrkin_sergeant,space_marine_chainsword_assault_veteran,,inquisition_thunder_hammer_inquisitor_lord,eldar_witchblade_farseer,,,guard_heavy_bolter_bunker_west_hq,,space_marine_bolt_pistol_forcecommander,,,,,veteran_heavy_flamer,sisters_inferno_cannon_aoe_list_post_2,,,ork_zzzap_gun,,,,,,,,,,,,guard_plasma_gun_kasrkin_prisoner,,,,,,,,,,,,inquisition_storm_bolter_rhino,
dark_eldar_destructor_archon,inquisition_falchion_bc,space_marine_chainsword_force_commander,,inquisition_thunder_hammer_techmarine,eldar_witchblade_seer_council,,,guard_heavy_bolter_heavy_weapons_team,,space_marine_bolt_pistol_librarian,,,,,,sisters_inferno_cannon_turret,,,sisters_lascannon,,,,,,,,,,,,inquisition_plasma_gun,,,,,,,,,,,,sisters_storm_bolter,
dark_eldar_destructor_archon_raider_1,inquisition_falchion_bc_hh,space_marine_chainsword_sergeant,,necron_lord_destroyer_staff_of_light_melee,eldar_witchblade_warlock,,,guard_heavy_bolter_leman_russ_hull,,space_marine_bolt_pistol_sergeant,,,,,,space_marine_flamer,,,sisters_lascannon_lightning,,,,,,,,,,,,inquisition_plasma_gun_bodyguard,,,,,,,,,,,,sisters_storm_bolter_rhino,
dark_eldar_destructor_haemonculus,inquisition_flamer_melee,veteran_chainsword_force_commander,,necron_tomb_spyder_claw,guard_power_axe_enginseer,,,guard_heavy_bolter_leman_russ_left,,,,,,,,space_marine_flamer_dreadnought,,,sisters_lascannon_lightning_2,,,,,,,,,,,,inquisition_plasma_gun_shock_troops,,,,,,,,,,,,space_marine_storm_bolter,
dark_eldar_destructor_haemonculus_raider_1,inquisition_incinerator_melee,,,necron_tomb_spyder_claw_splash,guard_power_gauntlet_captain,,,guard_heavy_bolter_leman_russ_right,,,,,,,,space_marine_flamer_scout,,,space_marine_lascannon,,,,,,,,,,,,space_marine_plasma_gun,,,,,,,,,,,,space_marine_storm_bolter_grey_knight,
dark_eldar_destructor_hellion_leader,inquisition_knife,,,ork_kan_buzza_saw,guard_power_lance,,,guard_heavy_bolter_listening_post,,,,,,,,space_marine_flamer_tactical,,,space_marine_lascannon_2,,,,,,,,,,,,space_marine_plasma_gun_scout,,,,,,,,,,,,space_marine_storm_bolter_land_speeder,
dark_eldar_destructor_warp_beast_leader,inquisition_knife_bodyguard,,,sisters_penitent_engine_fist,guard_power_lance_sergeant,,,guard_heavy_bolter_listening_post_2,,,,,,,,space_marine_flamer_tactical_veteran,,,space_marine_lascannon_devastator,,,,,,,,,,,,space_marine_plasma_gun_tactical_veteran,,,,,,,,,,,,space_marine_storm_bolter_turret,
dark_eldar_destructor_warrior_leader,inquisition_knife_shock_troops,,,sisters_penitent_engine_fist_twin,guard_power_sword_commissar,,,guard_heavy_bolter_marauder,,,,,,,,space_marine_flamer_veteran,,,space_marine_lascannon_tank_left,,,,,,,,,,,,space_marine_plasma_variants,,,,,,,,,,,,space_marine_storm_bolter_turret_listeningpost,
dark_eldar_destructor_wych_leader,inquisition_knife_stormtroopers,,,space_marine_crozius_arcanum,guard_psychic_spike_psyker,,,guard_heavy_bolter_marauder_bubble,,,,,,,,tau_flamer_commander,,,space_marine_lascannon_tank_right,,,,,,,,,,,,,,,,,,,,,,,,space_marine_storm_bolter_veteran,
dark_eldar_disintegrator,inquisition_nemesis_sword_purgator,,,space_marine_daemon_hammer,guard_psychic_spike_psyker_improved,,,guard_heavy_bolter_turret,,,,,,,,tau_flamer_crisis_suit,,,space_marine_lascannon_twin,,,,,,,,,,,,,,,,,,,,,,,,,
dark_eldar_disintegrator_archon,inquisition_staff_scholar,,,space_marine_dreadnought_fist,inquisition_brazier_exorcist,,,inquisition_bolter_heavy_weapons,,,,,,,,,,,space_marine_lascannon_twin_dreadnought,,,,,,,,,,,,,,,,,,,,,,,,,
dark_eldar_disintegrator_archon_raider_1,necron_deathmark_disintegrator_melee,,,space_marine_dreadnought_fist_twin,inquisition_crusader_power_axe,,,inquisition_heavy_bolter,,,,,,,,,,,space_marine_lascannon_twin_hellfire,,,,,,,,,,,,,,,,,,,,,,,,,
dark_eldar_disintegrator_dais,necron_destroyer_melee,,,space_marine_power_fist,inquisition_eversor_neuro_gauntlet,,,inquisition_heavy_bolter_chimera_hull,,,,,,,,,,,space_marine_lascannon_twin_predator,,,,,,,,,,,,,,,,,,,,,,,,,
dark_eldar_disintegrator_ravager,necron_flayed_one_claw,,,space_marine_power_fist_assaultsergeant,inquisition_force_sword_inquisitor,,,inquisition_heavy_bolter_chimera_turret,,,,,,,,,,,space_marine_lascannon_twin_tank_left,,,,,,,,,,,,,,,,,,,,,,,,,
dark_eldar_disintegrator_ravager_2,necron_gauss_flayer_melee,,,space_marine_power_fist_sergeant,inquisition_force_weapon,,,inquisition_heavy_bolter_dreadnought,,,,,,,,,,,space_marine_lascannon_twin_tank_right,,,,,,,,,,,,,,,,,,,,,,,,,
dark_eldar_disintegrator_ravager_3,necron_guass_flayer_immortal_melee,,,space_marine_power_fist_terminator,inquisition_nemesis_falchions_grey_knight,,,inquisition_heavy_bolter_gk_teleporter,,,,,,,,,,,veteran_lascannon_devestator,,,,,,,,,,,,,,,,,,,,,,,,,
dark_eldar_dummy_incubi_particle_1,necron_heavy_destroyer_melee,,,space_marine_power_fist_terminator_fc,inquisition_nemesis_glaive_paladin_jstcr,,,inquisition_heavy_bolter_servitor,,,,,,,,,,,veteran_lascannon_tank_left,,,,,,,,,,,,,,,,,,,,,,,,,
dark_eldar_dummy_incubi_particle_2,necron_warrior_gauss_flayer_melee,,,space_marine_power_fist_terminator_veteran,inquisition_nemesis_halberd_grey_knight,,,inquisition_heavy_bolter_stormraven,,,,,,,,,,,veteran_lascannon_tank_right,,,,,,,,,,,,,,,,,,,,,,,,,
dark_eldar_dummy_incubi_particle_3,necron_wraith_claw,,,space_marine_power_sword,inquisition_nemesis_pur_sword_interceptorjstcr,,,inquisition_heavy_bolter_twin_landraider,,,,,,,,,,,veteran_lascannon_twin_dreadnought,,,,,,,,,,,,,,,,,,,,,,,,,
dark_eldar_dummy_incubi_particle_4,ork_choppa,,,space_marine_power_sword_chaplain,inquisition_nemesis_pur_sword_paladin,,,inquisition_hurricane_bolter_crusader_left,,,,,,,,,,,veteran_lascannon_twin_predator,,,,,,,,,,,,,,,,,,,,,,,,,
dark_eldar_dummy_incubi_particle_5,ork_choppa_boss,,,space_marine_power_sword_librarian_mission,inquisition_nemesis_pur_sword_purifier,,,inquisition_hurricane_bolter_crusader_right,,,,,,,,,,,,,,,,,,,,,,,,,,,,,,,,,,,,
dark_eldar_dummy_melee_weapon,ork_choppa_boyz,,,space_marine_thunder_hammer,inquisition_nemesis_sword_apothecary,,,inquisition_hurricane_bolter_stormraven_left,,,,,,,,,,,,,,,,,,,,,,,,,,,,,,,,,,,,
dark_eldar_dummy_weapon,ork_choppa_boyz_burnaboy,,,space_marine_thunder_hammer_fc,inquisition_nemesis_sword_grey_knight,,,inquisition_hurricane_bolter_stormraven_right,,,,,,,,,,,,,,,,,,,,,,,,,,,,,,,,,,,,
dark_eldar_hellglaive,ork_choppa_boyz_feral,,,space_marine_thunder_hammer_veteran,inquisition_nemesis_weapon,,,ork_heavy_bolter,,,,,,,,,,,,,,,,,,,,,,,,,,,,,,,,,,,,
dark_eldar_hellglaive_shooter_hellion,ork_choppa_boyz_slugga,,,veteran_dreadnought_fist,inquisition_nemesis_weapon_gk_bro_cap,,,ork_heavy_bolter_tank,,,,,,,,,,,,,,,,,,,,,,,,,,,,,,,,,,,,
dark_eldar_hydraknife,ork_choppa_boyz_stormboyz,,,veteran_dreadnought_fist_twin,inquisition_nemesis_weapon_gk_justicar,,,ork_heavy_bolter_tank_front,,,,,,,,,,,,,,,,,,,,,,,,,,,,,,,,,,,,
dark_eldar_hydraknife_wych_succubus_nodmg_slowing,ork_choppa_flash_gitz,,,veteran_power_fist_force_commander,inquisition_nemesis_weapon_gk_terminator,,,sisters_heavy_bolter,,,,,,,,,,,,,,,,,,,,,,,,,,,,,,,,,,,,
dark_eldar_impaler,ork_choppa_nob,,,,inquisition_nemesis_weapon_gk_terminator_hh,,,sisters_heavy_bolter_battle_sister,,,,,,,,,,,,,,,,,,,,,,,,,,,,,,,,,,,,
dark_eldar_impaler_wych_nodmg_slowing,ork_choppa_nob_stormboy,,,,inquisition_nemesis_weapon_gk_terminator_justicar,,,sisters_heavy_bolter_battle_sister_prisoner,,,,,,,,,,,,,,,,,,,,,,,,,,,,,,,,,,,,
dark_eldar_knife,ork_grot_knife,,,,inquisition_nemesis_weapon_gk_terminator_justicar_hh,,,space_marine_heavy_bolter,,,,,,,,,,,,,,,,,,,,,,,,,,,,,,,,,,,,
dark_eldar_poisoned_blades,ork_injector,,,,inquisition_nemesis_weapon_grey_knight,,,space_marine_heavy_bolter_devastator,,,,,,,,,,,,,,,,,,,,,,,,,,,,,,,,,,,,
dark_eldar_poisoned_blade_archon,ork_knife,,,,inquisition_nemesis_weapon_grey_knight_jstcr,,,space_marine_heavy_bolter_listening_post,,,,,,,,,,,,,,,,,,,,,,,,,,,,,,,,,,,,
dark_eldar_poisoned_blade_haemonculus,ork_knife_shoota,,,,inquisition_nemesis_weapon_justicar,,,space_marine_heavy_bolter_tactical,,,,,,,,,,,,,,,,,,,,,,,,,,,,,,,,,,,,
dark_eldar_poisoned_blade_hellion,ork_knife_shotta,,,,inquisition_plasma_cutter_techmarine,,,space_marine_heavy_bolter_tank_left,,,,,,,,,,,,,,,,,,,,,,,,,,,,,,,,,,,,
dark_eldar_poisoned_blade_incubus,ork_stikkbomb_stikkbomba,,,,inquisition_power_axe_techmarine,,,space_marine_heavy_bolter_tank_right,,,,,,,,,,,,,,,,,,,,,,,,,,,,,,,,,,,,
dark_eldar_poisoned_blade_mandrake,sisters_knife,,,,inquisition_power_glove,,,space_marine_heavy_bolter_turret,,,,,,,,,,,,,,,,,,,,,,,,,,,,,,,,,,,,
dark_eldar_poisoned_blade_scourge,sisters_knife_battle_sister,,,,inquisition_power_mace,,,space_marine_heavy_bolter_twin,,,,,,,,,,,,,,,,,,,,,,,,,,,,,,,,,,,,
dark_eldar_poisoned_blade_warrior,sisters_knife_missionary,,,,inquisition_power_pincers_servitor,,,space_marine_heavy_bolter_veteran,,,,,,,,,,,,,,,,,,,,,,,,,,,,,,,,,,,,
dark_eldar_poisoned_blade_wych,sisters_knife_seraphim,,,,inquisition_power_sword_bc,,,,,,,,,,,,,,,,,,,,,,,,,,,,,,,,,,,,,,,
dark_eldar_power_scythe,space_marine_knife,,,,inquisition_power_sword_bc_hh,,,,,,,,,,,,,,,,,,,,,,,,,,,,,,,,,,,,,,,
dark_eldar_punisher,space_marine_knife_devastator,,,,inquisition_power_sword_cultist,,,,,,,,,,,,,,,,,,,,,,,,,,,,,,,,,,,,,,,
dark_eldar_scissorhand,space_marine_knife_inferno_veteran,,,,inquisition_power_sword_dreadnought,,,,,,,,,,,,,,,,,,,,,,,,,,,,,,,,,,,,,,,
dark_eldar_shredder,space_marine_knife_kraken_veteran,,,,inquisition_power_sword_inquisitor,,,,,,,,,,,,,,,,,,,,,,,,,,,,,,,,,,,,,,,
dark_eldar_shredder_sybarite,space_marine_knife_pistol,,,,inquisition_power_sword_inquisitor_acolyte,,,,,,,,,,,,,,,,,,,,,,,,,,,,,,,,,,,,,,,
dark_eldar_splinter_cannon_listening_post,space_marine_knife_purge_veteran,,,,inquisition_power_sword_sergeant,,,,,,,,,,,,,,,,,,,,,,,,,,,,,,,,,,,,,,,
dark_eldar_splinter_cannon_raven,space_marine_knife_sergeant,,,,inquisition_power_weapons,,,,,,,,,,,,,,,,,,,,,,,,,,,,,,,,,,,,,,,
dark_eldar_splinter_cannon_scourge,space_marine_knife_tactical,,,,inquisition_power_wrench,,,,,,,,,,,,,,,,,,,,,,,,,,,,,,,,,,,,,,,
dark_eldar_splinter_cannon_scourge_leader,space_marine_knife_tactical_veteran,,,,inquisition_power_wrench_double,,,,,,,,,,,,,,,,,,,,,,,,,,,,,,,,,,,,,,,
dark_eldar_splinter_dual_cannons_listening_post,space_marine_knife_veng_veteran,,,,inquisition_staff,,,,,,,,,,,,,,,,,,,,,,,,,,,,,,,,,,,,,,,
dark_eldar_splinter_guns,space_marine_knife_veteran,,,,inquisition_staff_librarian,,,,,,,,,,,,,,,,,,,,,,,,,,,,,,,,,,,,,,,
dark_eldar_splinter_pistol_beastmaster,veteran_combat_scout_knife,,,,inquisition_staff_librarian_termi,,,,,,,,,,,,,,,,,,,,,,,,,,,,,,,,,,,,,,,
dark_eldar_splinter_pistol_mandrake,,,,,inquisition_warding_staff_apothecary,,,,,,,,,,,,,,,,,,,,,,,,,,,,,,,,,,,,,,,
dark_eldar_splinter_pistol_reaver,,,,,inquisition_warding_staff_apothecary_hh,,,,,,,,,,,,,,,,,,,,,,,,,,,,,,,,,,,,,,,
dark_eldar_splinter_pistol_reaver_upgraded,,,,,necron_cryptek_melee,,,,,,,,,,,,,,,,,,,,,,,,,,,,,,,,,,,,,,,
dark_eldar_splinter_pistol_sybarite,,,,,necron_lord_staff_of_light_melee,,,,,,,,,,,,,,,,,,,,,,,,,,,,,,,,,,,,,,,
dark_eldar_splinter_pistol_wych,,,,,necron_lord_staff_of_light_reaping_blades,,,,,,,,,,,,,,,,,,,,,,,,,,,,,,,,,,,,,,,
dark_eldar_splinter_pistol_wych_raider_1,,,,,necron_warscythe_pariah,,,,,,,,,,,,,,,,,,,,,,,,,,,,,,,,,,,,,,,
dark_eldar_splinter_pistol_wych_succubus,,,,,necron_warscythe_pariah_lord,,,,,,,,,,,,,,,,,,,,,,,,,,,,,,,,,,,,,,,
dark_eldar_splinter_rifle_archon,,,,,necron_warscythe_wraith,,,,,,,,,,,,,,,,,,,,,,,,,,,,,,,,,,,,,,,
dark_eldar_splinter_rifle_archon_raider_1,,,,,ork_power_claw,,,,,,,,,,,,,,,,,,,,,,,,,,,,,,,,,,,,,,,
dark_eldar_splinter_rifle_warrior,,,,,ork_power_claw_armored_nob,,,,,,,,,,,,,,,,,,,,,,,,,,,,,,,,,,,,,,,
dark_eldar_splinter_rifle_warrior_raider_1,,,,,ork_power_claw_boss,,,,,,,,,,,,,,,,,,,,,,,,,,,,,,,,,,,,,,,
dark_eldar_splinter_rifle_warrior_raider_2,,,,,ork_power_claw_boyz,,,,,,,,,,,,,,,,,,,,,,,,,,,,,,,,,,,,,,,
dark_eldar_splinter_rifle_warrior_raider_3,,,,,ork_power_claw_mekboy,,,,,,,,,,,,,,,,,,,,,,,,,,,,,,,,,,,,,,,
dark_eldar_splinter_rifle_warrior_raider_4,,,,,ork_power_claw_nobz,,,,,,,,,,,,,,,,,,,,,,,,,,,,,,,,,,,,,,,
dark_eldar_splinter_rifle_warrior_raider_5,,,,,ork_power_claw_nobz_no_ui,,,,,,,,,,,,,,,,,,,,,,,,,,,,,,,,,,,,,,,
dark_eldar_splinter_rifle_warrior_raider_6,,,,,ork_power_claw_nob_leader,,,,,,,,,,,,,,,,,,,,,,,,,,,,,,,,,,,,,,,
dark_eldar_sword,,,,,ork_power_claw_stormboy_commander,,,,,,,,,,,,,,,,,,,,,,,,,,,,,,,,,,,,,,,
dark_eldar_talos_sting,,,,,sisters_assassin_weapon,,,,,,,,,,,,,,,,,,,,,,,,,,,,,,,,,,,,,,,
dark_eldar_tormentor_helm,,,,,sisters_brazier_of_holy_fire,,,,,,,,,,,,,,,,,,,,,,,,,,,,,,,,,,,,,,,
dark_eldar_tormentor_helm_hellion_succubus,,,,,sisters_mace_of_valaan,,,,,,,,,,,,,,,,,,,,,,,,,,,,,,,,,,,,,,,
dark_eldar_tormentor_helm_incubus,,,,,sisters_neural_whip,,,,,,,,,,,,,,,,,,,,,,,,,,,,,,,,,,,,,,,
dark_eldar_tormentor_helm_incubus_raider_1,,,,,sisters_neural_whip_twin,,,,,,,,,,,,,,,,,,,,,,,,,,,,,,,,,,,,,,,
dark_eldar_unarmed,,,,,sisters_power_sword,,,,,,,,,,,,,,,,,,,,,,,,,,,,,,,,,,,,,,,
eldar_brightlance,,,,,sisters_power_sword_canoness,,,,,,,,,,,,,,,,,,,,,,,,,,,,,,,,,,,,,,,
eldar_brightlance_grav_platform,,,,,sisters_power_sword_veteran_superior,,,,,,,,,,,,,,,,,,,,,,,,,,,,,,,,,,,,,,,
eldar_brightlance_grav_tank,,,,,sisters_power_sword_veteran_superior_celestian,,,,,,,,,,,,,,,,,,,,,,,,,,,,,,,,,,,,,,,
eldar_brightlance_listenpost,,,,,sisters_power_sword_veteran_superior_seraphim,,,,,,,,,,,,,,,,,,,,,,,,,,,,,,,,,,,,,,,
eldar_brightlance_nightwing,,,,,space_marine_halberd,,,,,,,,,,,,,,,,,,,,,,,,,,,,,,,,,,,,,,,
eldar_brightlance_nightwing_2,,,,,space_marine_halberd_grey_knight,,,,,,,,,,,,,,,,,,,,,,,,,,,,,,,,,,,,,,,
eldar_brightlance_nightwing_elite,,,,,space_marine_power_sword_assaultsergeant,,,,,,,,,,,,,,,,,,,,,,,,,,,,,,,,,,,,,,,
eldar_brightlance_nightwing_elite_2,,,,,space_marine_power_sword_force_commander,,,,,,,,,,,,,,,,,,,,,,,,,,,,,,,,,,,,,,,
eldar_brightlance_wraithlord,,,,,space_marine_power_sword_librarian,,,,,,,,,,,,,,,,,,,,,,,,,,,,,,,,,,,,,,,
eldar_dcannon,,,,,space_marine_power_sword_sergeant,,,,,,,,,,,,,,,,,,,,,,,,,,,,,,,,,,,,,,,
eldar_dcannon_support_platform,,,,,veteran_power_sword_assault,,,,,,,,,,,,,,,,,,,,,,,,,,,,,,,,,,,,,,,
eldar_dcannon_turret,,,,,veteran_power_sword_assault_sergeant,,,,,,,,,,,,,,,,,,,,,,,,,,,,,,,,,,,,,,,
eldar_deathspinner,,,,,,,,,,,,,,,,,,,,,,,,,,,,,,,,,,,,,,,,,,,,
eldar_deathspinner_warpspiderexarch,,,,,,,,,,,,,,,,,,,,,,,,,,,,,,,,,,,,,,,,,,,,
eldar_dual_deathspinners,,,,,,,,,,,,,,,,,,,,,,,,,,,,,,,,,,,,,,,,,,,,
eldar_executioner,,,,,,,,,,,,,,,,,,,,,,,,,,,,,,,,,,,,,,,,,,,,
eldar_farseer_gauntlets,,,,,,,,,,,,,,,,,,,,,,,,,,,,,,,,,,,,,,,,,,,,
eldar_farseer_ghosthelm,,,,,,,,,,,,,,,,,,,,,,,,,,,,,,,,,,,,,,,,,,,,
eldar_farseer_rune_aura,,,,,,,,,,,,,,,,,,,,,,,,,,,,,,,,,,,,,,,,,,,,
eldar_farseer_rune_warding,,,,,,,,,,,,,,,,,,,,,,,,,,,,,,,,,,,,,,,,,,,,
eldar_farseer_rune_witnessing,,,,,,,,,,,,,,,,,,,,,,,,,,,,,,,,,,,,,,,,,,,,
eldar_farseer_wraithbone_armor,,,,,,,,,,,,,,,,,,,,,,,,,,,,,,,,,,,,,,,,,,,,
eldar_knife,,,,,,,,,,,,,,,,,,,,,,,,,,,,,,,,,,,,,,,,,,,,
eldar_missile_launcher,,,,,,,,,,,,,,,,,,,,,,,,,,,,,,,,,,,,,,,,,,,,
eldar_power_sword,,,,,,,,,,,,,,,,,,,,,,,,,,,,,,,,,,,,,,,,,,,,
eldar_prism_cannon,,,,,,,,,,,,,,,,,,,,,,,,,,,,,,,,,,,,,,,,,,,,
eldar_prism_cannon_throw,,,,,,,,,,,,,,,,,,,,,,,,,,,,,,,,,,,,,,,,,,,,
eldar_reaper_launcher,,,,,,,,,,,,,,,,,,,,,,,,,,,,,,,,,,,,,,,,,,,,
eldar_reaper_launcher1,,,,,,,,,,,,,,,,,,,,,,,,,,,,,,,,,,,,,,,,,,,,
eldar_reaper_launcher2,,,,,,,,,,,,,,,,,,,,,,,,,,,,,,,,,,,,,,,,,,,,
eldar_reaper_launcher3,,,,,,,,,,,,,,,,,,,,,,,,,,,,,,,,,,,,,,,,,,,,
eldar_reaper_launcher_darkreaperexarch,,,,,,,,,,,,,,,,,,,,,,,,,,,,,,,,,,,,,,,,,,,,
eldar_reaper_launcher_group,,,,,,,,,,,,,,,,,,,,,,,,,,,,,,,,,,,,,,,,,,,,
eldar_riveblade,,,,,,,,,,,,,,,,,,,,,,,,,,,,,,,,,,,,,,,,,,,,
eldar_shrieker_cannon,,,,,,,,,,,,,,,,,,,,,,,,,,,,,,,,,,,,,,,,,,,,
eldar_shuriken_cannon,,,,,,,,,,,,,,,,,,,,,,,,,,,,,,,,,,,,,,,,,,,,
eldar_shuriken_cannon_darkreaperexarch,,,,,,,,,,,,,,,,,,,,,,,,,,,,,,,,,,,,,,,,,,,,
eldar_shuriken_cannon_grav_platform,,,,,,,,,,,,,,,,,,,,,,,,,,,,,,,,,,,,,,,,,,,,
eldar_shuriken_cannon_nightwing,,,,,,,,,,,,,,,,,,,,,,,,,,,,,,,,,,,,,,,,,,,,
eldar_shuriken_cannon_nightwing_2,,,,,,,,,,,,,,,,,,,,,,,,,,,,,,,,,,,,,,,,,,,,
eldar_shuriken_cannon_nightwing_elite,,,,,,,,,,,,,,,,,,,,,,,,,,,,,,,,,,,,,,,,,,,,
eldar_shuriken_cannon_nightwing_elite_2,,,,,,,,,,,,,,,,,,,,,,,,,,,,,,,,,,,,,,,,,,,,
eldar_shuriken_cannon_vyper,,,,,,,,,,,,,,,,,,,,,,,,,,,,,,,,,,,,,,,,,,,,
eldar_shuriken_catapult,,,,,,,,,,,,,,,,,,,,,,,,,,,,,,,,,,,,,,,,,,,,
eldar_shuriken_catapult_fireprism,,,,,,,,,,,,,,,,,,,,,,,,,,,,,,,,,,,,,,,,,,,,
eldar_shuriken_catapult_grav_tank,,,,,,,,,,,,,,,,,,,,,,,,,,,,,,,,,,,,,,,,,,,,
eldar_shuriken_catapult_guardian,,,,,,,,,,,,,,,,,,,,,,,,,,,,,,,,,,,,,,,,,,,,
eldar_shuriken_catapult_guardian_improved,,,,,,,,,,,,,,,,,,,,,,,,,,,,,,,,,,,,,,,,,,,,
eldar_shuriken_catapult_vyper,,,,,,,,,,,,,,,,,,,,,,,,,,,,,,,,,,,,,,,,,,,,
eldar_shuriken_pistol,,,,,,,,,,,,,,,,,,,,,,,,,,,,,,,,,,,,,,,,,,,,
eldar_shuriken_pistol_banshee,,,,,,,,,,,,,,,,,,,,,,,,,,,,,,,,,,,,,,,,,,,,
eldar_shuriken_pistol_banshee_exarch,,,,,,,,,,,,,,,,,,,,,,,,,,,,,,,,,,,,,,,,,,,,
eldar_shuriken_pistol_farseer,,,,,,,,,,,,,,,,,,,,,,,,,,,,,,,,,,,,,,,,,,,,
eldar_shuriken_pistol_farseer_clone,,,,,,,,,,,,,,,,,,,,,,,,,,,,,,,,,,,,,,,,,,,,
eldar_shuriken_pistol_seer_council,,,,,,,,,,,,,,,,,,,,,,,,,,,,,,,,,,,,,,,,,,,,
eldar_shuriken_pistol_warlock,,,,,,,,,,,,,,,,,,,,,,,,,,,,,,,,,,,,,,,,,,,,
eldar_singing_spear_farseer,,,,,,,,,,,,,,,,,,,,,,,,,,,,,,,,,,,,,,,,,,,,
eldar_starcannon,,,,,,,,,,,,,,,,,,,,,,,,,,,,,,,,,,,,,,,,,,,,
eldar_starcannon_grav_tank,,,,,,,,,,,,,,,,,,,,,,,,,,,,,,,,,,,,,,,,,,,,
eldar_starcannon_listenpost,,,,,,,,,,,,,,,,,,,,,,,,,,,,,,,,,,,,,,,,,,,,
eldar_starcannon_wraithlord,,,,,,,,,,,,,,,,,,,,,,,,,,,,,,,,,,,,,,,,,,,,
eldar_sword,,,,,,,,,,,,,,,,,,,,,,,,,,,,,,,,,,,,,,,,,,,,
eldar_twin_shuriken_pistol_farseer,,,,,,,,,,,,,,,,,,,,,,,,,,,,,,,,,,,,,,,,,,,,
eldar_vyper_shuriken_cannon,,,,,,,,,,,,,,,,,,,,,,,,,,,,,,,,,,,,,,,,,,,,
eldar_witchblade,,,,,,,,,,,,,,,,,,,,,,,,,,,,,,,,,,,,,,,,,,,,
eldar_witchblade_farseer_clone,,,,,,,,,,,,,,,,,,,,,,,,,,,,,,,,,,,,,,,,,,,,
eldar_wraithlord_close_combat,,,,,,,,,,,,,,,,,,,,,,,,,,,,,,,,,,,,,,,,,,,,
guard_captain_chest_plate,,,,,,,,,,,,,,,,,,,,,,,,,,,,,,,,,,,,,,,,,,,,
guard_captain_governor_raiment,,,,,,,,,,,,,,,,,,,,,,,,,,,,,,,,,,,,,,,,,,,,
guard_captain_greaves,,,,,,,,,,,,,,,,,,,,,,,,,,,,,,,,,,,,,,,,,,,,
guard_captain_pauldrons,,,,,,,,,,,,,,,,,,,,,,,,,,,,,,,,,,,,,,,,,,,,
guard_captain_sash,,,,,,,,,,,,,,,,,,,,,,,,,,,,,,,,,,,,,,,,,,,,
guard_captain_targeting_optics,,,,,,,,,,,,,,,,,,,,,,,,,,,,,,,,,,,,,,,,,,,,
guard_master_power_claws_captain,,,,,,,,,,,,,,,,,,,,,,,,,,,,,,,,,,,,,,,,,,,,
guard_missile_launcher,,,,,,,,,,,,,,,,,,,,,,,,,,,,,,,,,,,,,,,,,,,,
guard_plasma_gun,,,,,,,,,,,,,,,,,,,,,,,,,,,,,,,,,,,,,,,,,,,,
guard_power_fist_captain,,,,,,,,,,,,,,,,,,,,,,,,,,,,,,,,,,,,,,,,,,,,
guard_power_sword,,,,,,,,,,,,,,,,,,,,,,,,,,,,,,,,,,,,,,,,,,,,
guard_sword,,,,,,,,,,,,,,,,,,,,,,,,,,,,,,,,,,,,,,,,,,,,
inferno_bolter_tactical_veteran,,,,,,,,,,,,,,,,,,,,,,,,,,,,,,,,,,,,,,,,,,,,
inquisition_crusader_shield,,,,,,,,,,,,,,,,,,,,,,,,,,,,,,,,,,,,,,,,,,,,
inquisition_dozer_blade,,,,,,,,,,,,,,,,,,,,,,,,,,,,,,,,,,,,,,,,,,,,
inquisition_dummy_weapon,,,,,,,,,,,,,,,,,,,,,,,,,,,,,,,,,,,,,,,,,,,,
inquisition_melee_dummy,,,,,,,,,,,,,,,,,,,,,,,,,,,,,,,,,,,,,,,,,,,,
inquisition_power_sword,,,,,,,,,,,,,,,,,,,,,,,,,,,,,,,,,,,,,,,,,,,,
inquisition_servo_skull_defense,,,,,,,,,,,,,,,,,,,,,,,,,,,,,,,,,,,,,,,,,,,,
inquisition_small_weapons,,,,,,,,,,,,,,,,,,,,,,,,,,,,,,,,,,,,,,,,,,,,
kraken_bolter_tactical_veteran,,,,,,,,,,,,,,,,,,,,,,,,,,,,,,,,,,,,,,,,,,,,
master_crafted_bolter_tactical_veteran,,,,,,,,,,,,,,,,,,,,,,,,,,,,,,,,,,,,,,,,,,,,
necron_deceiver_blast,,,,,,,,,,,,,,,,,,,,,,,,,,,,,,,,,,,,,,,,,,,,
necron_deceiver_blast_left,,,,,,,,,,,,,,,,,,,,,,,,,,,,,,,,,,,,,,,,,,,,
necron_deceiver_blast_nodmg_confusion,,,,,,,,,,,,,,,,,,,,,,,,,,,,,,,,,,,,,,,,,,,,
necron_deceiver_blast_right,,,,,,,,,,,,,,,,,,,,,,,,,,,,,,,,,,,,,,,,,,,,
necron_gauss_listening_post,,,,,,,,,,,,,,,,,,,,,,,,,,,,,,,,,,,,,,,,,,,,
necron_heavy_gauss_cannon_left_front_monolith_illusion,,,,,,,,,,,,,,,,,,,,,,,,,,,,,,,,,,,,,,,,,,,,
necron_heavy_gauss_cannon_left_rear_monolith_illusion,,,,,,,,,,,,,,,,,,,,,,,,,,,,,,,,,,,,,,,,,,,,
necron_heavy_gauss_cannon_right_front_monolith_illusion,,,,,,,,,,,,,,,,,,,,,,,,,,,,,,,,,,,,,,,,,,,,
necron_heavy_gauss_cannon_right_rear_monolith_illusion,,,,,,,,,,,,,,,,,,,,,,,,,,,,,,,,,,,,,,,,,,,,
necron_lord_death_mask,,,,,,,,,,,,,,,,,,,,,,,,,,,,,,,,,,,,,,,,,,,,
necron_lord_death_shroud,,,,,,,,,,,,,,,,,,,,,,,,,,,,,,,,,,,,,,,,,,,,
necron_lord_gauntlets,,,,,,,,,,,,,,,,,,,,,,,,,,,,,,,,,,,,,,,,,,,,
necron_lord_mantle_of_doom,,,,,,,,,,,,,,,,,,,,,,,,,,,,,,,,,,,,,,,,,,,,
necron_lord_phylactery,,,,,,,,,,,,,,,,,,,,,,,,,,,,,,,,,,,,,,,,,,,,
necron_lord_resurection_orb,,,,,,,,,,,,,,,,,,,,,,,,,,,,,,,,,,,,,,,,,,,,
necron_lord_ribcage,,,,,,,,,,,,,,,,,,,,,,,,,,,,,,,,,,,,,,,,,,,,
necron_lord_staff_of_light_skinning_blades,,,,,,,,,,,,,,,,,,,,,,,,,,,,,,,,,,,,,,,,,,,,
necron_lord_under_shoulder,,,,,,,,,,,,,,,,,,,,,,,,,,,,,,,,,,,,,,,,,,,,
necron_mine_scarab_exploder,,,,,,,,,,,,,,,,,,,,,,,,,,,,,,,,,,,,,,,,,,,,
necron_nightbringer_scythe_ranged,,,,,,,,,,,,,,,,,,,,,,,,,,,,,,,,,,,,,,,,,,,,
necron_particle_whip_monolith_illusion,,,,,,,,,,,,,,,,,,,,,,,,,,,,,,,,,,,,,,,,,,,,
necron_scarab_melee,,,,,,,,,,,,,,,,,,,,,,,,,,,,,,,,,,,,,,,,,,,,
necron_scarab_melee_ground,,,,,,,,,,,,,,,,,,,,,,,,,,,,,,,,,,,,,,,,,,,,
necron_warscythe_pariah_building,,,,,,,,,,,,,,,,,,,,,,,,,,,,,,,,,,,,,,,,,,,,
ork_mega_blasta_warboss,,,,,,,,,,,,,,,,,,,,,,,,,,,,,,,,,,,,,,,,,,,,
ork_mega_claw_boss,,,,,,,,,,,,,,,,,,,,,,,,,,,,,,,,,,,,,,,,,,,,
ork_power_claw_boss_mission,,,,,,,,,,,,,,,,,,,,,,,,,,,,,,,,,,,,,,,,,,,,
ork_warboss_big_horns,,,,,,,,,,,,,,,,,,,,,,,,,,,,,,,,,,,,,,,,,,,,
ork_warboss_boss_pole,,,,,,,,,,,,,,,,,,,,,,,,,,,,,,,,,,,,,,,,,,,,
ork_warboss_fasta_legz,,,,,,,,,,,,,,,,,,,,,,,,,,,,,,,,,,,,,,,,,,,,
ork_warboss_mega_eavy_armor,,,,,,,,,,,,,,,,,,,,,,,,,,,,,,,,,,,,,,,,,,,,
ork_warboss_red_gob,,,,,,,,,,,,,,,,,,,,,,,,,,,,,,,,,,,,,,,,,,,,
ork_warboss_skullz,,,,,,,,,,,,,,,,,,,,,,,,,,,,,,,,,,,,,,,,,,,,
purge_bolter_tactical_veteran,,,,,,,,,,,,,,,,,,,,,,,,,,,,,,,,,,,,,,,,,,,,
sisters_dummy_weapon,,,,,,,,,,,,,,,,,,,,,,,,,,,,,,,,,,,,,,,,,,,,
sisters_emperors_touch,,,,,,,,,,,,,,,,,,,,,,,,,,,,,,,,,,,,,,,,,,,,
sisters_emperors_touch_battle_sister,,,,,,,,,,,,,,,,,,,,,,,,,,,,,,,,,,,,,,,,,,,,
sisters_emperors_touch_celestian,,,,,,,,,,,,,,,,,,,,,,,,,,,,,,,,,,,,,,,,,,,,
sisters_emperors_touch_missionary,,,,,,,,,,,,,,,,,,,,,,,,,,,,,,,,,,,,,,,,,,,,
sisters_emperors_touch_repentia,,,,,,,,,,,,,,,,,,,,,,,,,,,,,,,,,,,,,,,,,,,,
sisters_inferno_cannon_list_post,,,,,,,,,,,,,,,,,,,,,,,,,,,,,,,,,,,,,,,,,,,,
sisters_laud_hailers,,,,,,,,,,,,,,,,,,,,,,,,,,,,,,,,,,,,,,,,,,,,
sisters_sabbat_pattern_helm,,,,,,,,,,,,,,,,,,,,,,,,,,,,,,,,,,,,,,,,,,,,
sisters_servitor_overload,,,,,,,,,,,,,,,,,,,,,,,,,,,,,,,,,,,,,,,,,,,,
sisters_servitor_overload_suicide,,,,,,,,,,,,,,,,,,,,,,,,,,,,,,,,,,,,,,,,,,,,
space_marine_assault_cannon_terminator,,,,,,,,,,,,,,,,,,,,,,,,,,,,,,,,,,,,,,,,,,,,
space_marine_bolt_pistol_combi_chaingun_forcecommander,,,,,,,,,,,,,,,,,,,,,,,,,,,,,,,,,,,,,,,,,,,,
space_marine_bolt_pistol_combi_flamer_forcecommander,,,,,,,,,,,,,,,,,,,,,,,,,,,,,,,,,,,,,,,,,,,,
space_marine_dummy_weapon,,,,,,,,,,,,,,,,,,,,,,,,,,,,,,,,,,,,,,,,,,,,
space_marine_force_commander_gauntlets,,,,,,,,,,,,,,,,,,,,,,,,,,,,,,,,,,,,,,,,,,,,
space_marine_force_commander_girdle,,,,,,,,,,,,,,,,,,,,,,,,,,,,,,,,,,,,,,,,,,,,
space_marine_force_commander_greaves,,,,,,,,,,,,,,,,,,,,,,,,,,,,,,,,,,,,,,,,,,,,
space_marine_force_commander_halo,,,,,,,,,,,,,,,,,,,,,,,,,,,,,,,,,,,,,,,,,,,,
space_marine_force_commander_shoulders,,,,,,,,,,,,,,,,,,,,,,,,,,,,,,,,,,,,,,,,,,,,
space_marine_force_commander_teleporter,,,,,,,,,,,,,,,,,,,,,,,,,,,,,,,,,,,,,,,,,,,,
space_marine_force_weapon,,,,,,,,,,,,,,,,,,,,,,,,,,,,,,,,,,,,,,,,,,,,
space_marine_force_weapon_mission,,,,,,,,,,,,,,,,,,,,,,,,,,,,,,,,,,,,,,,,,,,,
space_marine_melee_test,,,,,,,,,,,,,,,,,,,,,,,,,,,,,,,,,,,,,,,,,,,,
space_marine_storm_bolter_fc,,,,,,,,,,,,,,,,,,,,,,,,,,,,,,,,,,,,,,,,,,,,
tau_burst_cannon_barracuda,,,,,,,,,,,,,,,,,,,,,,,,,,,,,,,,,,,,,,,,,,,,
tau_burst_cannon_commander,,,,,,,,,,,,,,,,,,,,,,,,,,,,,,,,,,,,,,,,,,,,
tau_burst_cannon_commander_melee,,,,,,,,,,,,,,,,,,,,,,,,,,,,,,,,,,,,,,,,,,,,
tau_burst_cannon_crisis_suit,,,,,,,,,,,,,,,,,,,,,,,,,,,,,,,,,,,,,,,,,,,,
tau_burst_cannon_devilfish,,,,,,,,,,,,,,,,,,,,,,,,,,,,,,,,,,,,,,,,,,,,
tau_burst_cannon_drone_harbinger,,,,,,,,,,,,,,,,,,,,,,,,,,,,,,,,,,,,,,,,,,,,
tau_burst_cannon_hammer_head_gunship,,,,,,,,,,,,,,,,,,,,,,,,,,,,,,,,,,,,,,,,,,,,
tau_burst_cannon_hammer_head_gunship_right,,,,,,,,,,,,,,,,,,,,,,,,,,,,,,,,,,,,,,,,,,,,
tau_burst_cannon_stealth_team,,,,,,,,,,,,,,,,,,,,,,,,,,,,,,,,,,,,,,,,,,,,
tau_centaur_artillery,,,,,,,,,,,,,,,,,,,,,,,,,,,,,,,,,,,,,,,,,,,,
tau_commander_advanced_sensor_array,,,,,,,,,,,,,,,,,,,,,,,,,,,,,,,,,,,,,,,,,,,,
tau_commander_iridium_armor,,,,,,,,,,,,,,,,,,,,,,,,,,,,,,,,,,,,,,,,,,,,
tau_commander_jetpack,,,,,,,,,,,,,,,,,,,,,,,,,,,,,,,,,,,,,,,,,,,,
tau_crisis_suit_dummy_weapon,,,,,,,,,,,,,,,,,,,,,,,,,,,,,,,,,,,,,,,,,,,,
tau_energy_bolt,,,,,,,,,,,,,,,,,,,,,,,,,,,,,,,,,,,,,,,,,,,,
tau_ethereal_honor_blade,,,,,,,,,,,,,,,,,,,,,,,,,,,,,,,,,,,,,,,,,,,,
tau_ethereal_honor_blade_mission,,,,,,,,,,,,,,,,,,,,,,,,,,,,,,,,,,,,,,,,,,,,
tau_fire_warrior_rifle_melee,,,,,,,,,,,,,,,,,,,,,,,,,,,,,,,,,,,,,,,,,,,,
tau_fusion_blaster_commander,,,,,,,,,,,,,,,,,,,,,,,,,,,,,,,,,,,,,,,,,,,,
tau_fusion_blaster_crisis_suit,,,,,,,,,,,,,,,,,,,,,,,,,,,,,,,,,,,,,,,,,,,,
tau_fusion_blaster_shasvre_stealth_suit,,,,,,,,,,,,,,,,,,,,,,,,,,,,,,,,,,,,,,,,,,,,
tau_fusion_blaster_stealth_suit,,,,,,,,,,,,,,,,,,,,,,,,,,,,,,,,,,,,,,,,,,,,
tau_greater_knarloc_claw,,,,,,,,,,,,,,,,,,,,,,,,,,,,,,,,,,,,,,,,,,,,
tau_greater_knarloc_melee,,,,,,,,,,,,,,,,,,,,,,,,,,,,,,,,,,,,,,,,,,,,
tau_ion_cannon_barracuda,,,,,,,,,,,,,,,,,,,,,,,,,,,,,,,,,,,,,,,,,,,,
tau_ion_cannon_list_post,,,,,,,,,,,,,,,,,,,,,,,,,,,,,,,,,,,,,,,,,,,,
tau_krootox_melee,,,,,,,,,,,,,,,,,,,,,,,,,,,,,,,,,,,,,,,,,,,,
tau_kroot_hound_fangs,,,,,,,,,,,,,,,,,,,,,,,,,,,,,,,,,,,,,,,,,,,,
tau_kroot_rifle,,,,,,,,,,,,,,,,,,,,,,,,,,,,,,,,,,,,,,,,,,,,
tau_kroot_rifle_krootox,,,,,,,,,,,,,,,,,,,,,,,,,,,,,,,,,,,,,,,,,,,,
tau_kroot_rifle_melee,,,,,,,,,,,,,,,,,,,,,,,,,,,,,,,,,,,,,,,,,,,,
tau_kroot_shaper_rifle,,,,,,,,,,,,,,,,,,,,,,,,,,,,,,,,,,,,,,,,,,,,
tau_kroot_shaper_rifle_melee,,,,,,,,,,,,,,,,,,,,,,,,,,,,,,,,,,,,,,,,,,,,
tau_missile_broadside_battlesuit,,,,,,,,,,,,,,,,,,,,,,,,,,,,,,,,,,,,,,,,,,,,
tau_missile_launcher_commander,,,,,,,,,,,,,,,,,,,,,,,,,,,,,,,,,,,,,,,,,,,,
tau_missile_pod_barracuda,,,,,,,,,,,,,,,,,,,,,,,,,,,,,,,,,,,,,,,,,,,,
tau_missile_pod_barracuda_2,,,,,,,,,,,,,,,,,,,,,,,,,,,,,,,,,,,,,,,,,,,,
tau_missile_pod_crisis_suit,,,,,,,,,,,,,,,,,,,,,,,,,,,,,,,,,,,,,,,,,,,,
tau_pathfinder_melee,,,,,,,,,,,,,,,,,,,,,,,,,,,,,,,,,,,,,,,,,,,,
tau_plasma_rifle_commander,,,,,,,,,,,,,,,,,,,,,,,,,,,,,,,,,,,,,,,,,,,,
tau_pulse_carbine_shasui_fire_warrior,,,,,,,,,,,,,,,,,,,,,,,,,,,,,,,,,,,,,,,,,,,,
tau_pulse_rifle_fire_warrior,,,,,,,,,,,,,,,,,,,,,,,,,,,,,,,,,,,,,,,,,,,,
tau_pulse_rifle_pathfinder,,,,,,,,,,,,,,,,,,,,,,,,,,,,,,,,,,,,,,,,,,,,
tau_rail_gun_broadside_battlesuit,,,,,,,,,,,,,,,,,,,,,,,,,,,,,,,,,,,,,,,,,,,,
tau_rail_gun_hammer_head_gunship,,,,,,,,,,,,,,,,,,,,,,,,,,,,,,,,,,,,,,,,,,,,
tau_rail_gun_list_post_2,,,,,,,,,,,,,,,,,,,,,,,,,,,,,,,,,,,,,,,,,,,,
tau_seeker_missile_barracuda,,,,,,,,,,,,,,,,,,,,,,,,,,,,,,,,,,,,,,,,,,,,
tau_skyray_missle,,,,,,,,,,,,,,,,,,,,,,,,,,,,,,,,,,,,,,,,,,,,
tau_skyray_missle_1,,,,,,,,,,,,,,,,,,,,,,,,,,,,,,,,,,,,,,,,,,,,
tau_skyray_missle_2,,,,,,,,,,,,,,,,,,,,,,,,,,,,,,,,,,,,,,,,,,,,
tau_skyray_missle_3,,,,,,,,,,,,,,,,,,,,,,,,,,,,,,,,,,,,,,,,,,,,
tau_skyray_missle_4,,,,,,,,,,,,,,,,,,,,,,,,,,,,,,,,,,,,,,,,,,,,
tau_skyray_missle_5,,,,,,,,,,,,,,,,,,,,,,,,,,,,,,,,,,,,,,,,,,,,
tau_stealth_suit_rifle_melee,,,,,,,,,,,,,,,,,,,,,,,,,,,,,,,,,,,,,,,,,,,,
tau_twin_linked_pulse_carbine,,,,,,,,,,,,,,,,,,,,,,,,,,,,,,,,,,,,,,,,,,,,
tau_twin_linked_pulse_carbine_devilfish,,,,,,,,,,,,,,,,,,,,,,,,,,,,,,,,,,,,,,,,,,,,
tau_twin_linked_pulse_carbine_devilfish_right,,,,,,,,,,,,,,,,,,,,,,,,,,,,,,,,,,,,,,,,,,,,
tau_twin_linked_pulse_carbine_harbinger_drones,,,,,,,,,,,,,,,,,,,,,,,,,,,,,,,,,,,,,,,,,,,,
tau_twin_linked_pulse_carbine_harbinger_drones_right,,,,,,,,,,,,,,,,,,,,,,,,,,,,,,,,,,,,,,,,,,,,
tau_vespid_claw,,,,,,,,,,,,,,,,,,,,,,,,,,,,,,,,,,,,,,,,,,,,
tau_vespid_elder_claw,,,,,,,,,,,,,,,,,,,,,,,,,,,,,,,,,,,,,,,,,,,,
tau_vespid_neutron_blaster,,,,,,,,,,,,,,,,,,,,,,,,,,,,,,,,,,,,,,,,,,,,
tau_vespid_strain_leader_claw,,,,,,,,,,,,,,,,,,,,,,,,,,,,,,,,,,,,,,,,,,,,
vengeance_bolter_tactical_veteran,,,,,,,,,,,,,,,,,,,,,,,,,,,,,,,,,,,,,,,,,,,,
veteran_bolt_pistol_scout,,,,,,,,,,,,,,,,,,,,,,,,,,,,,,,,,,,,,,,,,,,,
veteran_bolt_pistol_scout_explosive,,,,,,,,,,,,,,,,,,,,,,,,,,,,,,,,,,,,,,,,,,,,
veteran_operative_rifle,,,,,,,,,,,,,,,,,,,,,,,,,,,,,,,,,,,,,,,,,,,,
veteran_operative_rifle_leader,,,,,,,,,,,,,,,,,,,,,,,,,,,,,,,,,,,,,,,,,,,,
,,,,,,,,,,,,,,,,,,,,,,,,,,,,,,,,,,,,,,,,,,,,
